env,policy,algo,util,delta_vs_ae,p,exec_frac,fail,compl
default,always_execute,baseline,125.469,0.0,nan,1.0,0.1465,0.631
default,scale_when_blocked (hand),hand,128.753,3.285,0.004543191662291355,0.977,0.1455,0.6366
default,REINFORCE:seed11,REINFORCE,125.469,0.0,nan,1.0,0.1465,0.631
default,REINFORCE:seed13,REINFORCE,125.469,0.0,nan,1.0,0.1465,0.631
default,REINFORCE:seed7,REINFORCE,125.469,0.0,nan,1.0,0.1465,0.631
default,PPO:seed11,PPO,126.871,1.402,0.0009538596758486475,0.9963,0.1458,0.631
default,PPO:seed13,PPO,125.856,0.387,0.052640182437520604,0.9977,0.1467,0.6309
default,PPO:seed7,PPO,125.724,0.256,0.027054569043984452,0.999,0.1467,0.6303
env_tight_fixedrisk,always_execute,baseline,91.308,0.0,nan,1.0,0.129,0.4169
env_tight_fixedrisk,scale_when_blocked (hand),hand,96.923,5.615,7.29903949621184e-05,0.899,0.1336,0.448
env_tight_fixedrisk,REINFORCE:seed7,REINFORCE,91.308,0.0,nan,1.0,0.129,0.4169
env_tight_fixedrisk,REINFORCE:seed11,REINFORCE,91.308,0.0,nan,1.0,0.129,0.4169
env_tight_fixedrisk,REINFORCE:seed13,REINFORCE,91.308,0.0,nan,1.0,0.129,0.4169
env_tight_fixedrisk,PPO:seed11,PPO,116.005,24.697,3.7163254944757063e-28,0.9203,0.1479,0.5855
env_tight_fixedrisk,PPO:seed13,PPO,113.101,21.793,7.03162787619578e-23,0.94,0.1451,0.5575
env_tight_fixedrisk,PPO:seed7,PPO,112.945,21.637,2.033829918503061e-25,0.9303,0.1455,0.5605
env_cascade,always_execute,baseline,25.053,0.0,nan,1.0,0.5102,0.4275
env_cascade,throttle (hand),hand,38.505,13.453,8.117524496413782e-11,0.8183,0.3881,0.38
env_cascade,REINFORCE:seed7,REINFORCE,152.274,127.221,9.254424784186016e-43,0.878,0.0484,0.6803
env_cascade,REINFORCE:seed11,REINFORCE,134.899,109.846,9.254424784186016e-43,0.7323,0.0266,0.5656
env_cascade,REINFORCE:seed13,REINFORCE,80.602,55.549,5.833903780402718e-37,0.6197,0.0697,0.4173
env_cascade,PPO:seed11,PPO,155.456,130.403,9.254424784186016e-43,0.87,0.0406,0.6768
env_cascade,PPO:seed13,PPO,149.97,124.917,9.254424784186016e-43,0.8853,0.0562,0.6731
env_cascade,PPO:seed7,PPO,131.195,106.143,9.254424784186016e-43,0.8953,0.1121,0.6372
env_cascade_broken,always_execute,baseline,25.053,0.0,nan,1.0,0.5102,0.4275
env_cascade_broken,throttle (hand),hand,38.505,13.453,8.117524496413782e-11,0.8183,0.3881,0.38
env_cascade_broken,REINFORCE:seed11,REINFORCE,45.212,20.159,9.060405230288178e-19,0.9447,0.4189,0.4629
env_cascade_broken,REINFORCE:seed13,REINFORCE,25.053,0.0,nan,1.0,0.5102,0.4275
env_cascade_broken,REINFORCE:seed7,REINFORCE,25.053,0.0,nan,1.0,0.5102,0.4275
env_cascade_broken,PPO:seed11,PPO,117.136,92.083,9.254424784186016e-43,0.8807,0.1476,0.611
env_cascade_broken,PPO:seed13,PPO,56.028,30.975,1.7947273989107625e-31,0.9197,0.3662,0.4844
env_cascade_broken,PPO:seed7,PPO,39.917,14.864,7.55688464803193e-21,0.949,0.4412,0.4545
env_heavytail_tight,always_execute,baseline,447.066,0.0,nan,1.0,0.1323,0.4183
env_heavytail_tight,scale_when_blocked (hand),hand,461.476,14.41,0.0006586011386912124,0.9003,0.1343,0.4484
env_heavytail_tight,REINFORCE:seed11,REINFORCE,447.066,0.0,nan,1.0,0.1323,0.4183
env_heavytail_tight,REINFORCE:seed13,REINFORCE,447.066,0.0,nan,1.0,0.1323,0.4183
env_heavytail_tight,REINFORCE:seed7,REINFORCE,447.066,0.0,nan,1.0,0.1323,0.4183
env_heavytail_tight,PPO:seed11,PPO,467.437,20.372,1.4184597142411058e-28,0.89,0.1446,0.5339
env_heavytail_tight,PPO:seed13,PPO,465.822,18.757,4.468679968335757e-25,0.942,0.1425,0.5258
env_heavytail_tight,PPO:seed7,PPO,447.241,0.176,0.4277001601037458,0.9323,0.1331,0.4175
