iteration,mean_undisc_return,policy_loss,value_loss,entropy,approx_kl,clip_frac,env_steps_cumulative
0,36.772475,-0.07501386106014252,4.621185779571533,1.7730693817138672,0.01615242101252079,0.140625,4800
1,45.468175,0.10190361738204956,4.870377063751221,1.73676335811615,0.023649761453270912,0.1510416716337204,9600
2,65.00456249999999,-0.11660648137331009,6.1065354347229,1.7188791036605835,-0.005380363669246435,0.2604166567325592,14400
3,61.24954999999999,0.10901991277933121,5.986904144287109,1.6668685674667358,0.025767410174012184,0.2395833283662796,19200
4,75.591375,0.015459828078746796,11.622310638427734,1.6094921827316284,0.0023697931319475174,0.0,24000
5,78.19437500000001,0.08898524194955826,12.605659484863281,1.501135230064392,-0.01318360399454832,0.03125,28800
6,99.23463749999999,-0.086667001247406,12.85649585723877,1.4158577919006348,0.0025405336637049913,0.02604166604578495,33600
7,108.6738875,-0.14607161283493042,16.69084930419922,1.274034023284912,0.023818664252758026,0.0677083358168602,38400
8,111.08211250000001,-0.07671141624450684,21.996057510375977,1.1936776638031006,0.01583644561469555,0.078125,43200
9,94.83945,-0.0357549823820591,19.27501106262207,1.2162576913833618,0.007104003336280584,0.010416666977107525,48000
10,109.83,0.024649731814861298,31.193220138549805,1.090579867362976,0.010218559764325619,0.015625,52800
11,116.71823749999999,-0.0274391770362854,20.076852798461914,0.9548560976982117,0.007062533870339394,0.1145833358168602,57600
12,105.5239125,0.005265913903713226,27.329477310180664,0.9547805190086365,-0.0010432526469230652,0.0,62400
13,124.055825,-0.10169974714517593,20.985811233520508,0.8426867127418518,0.009945518337190151,0.0364583320915699,67200
14,114.87723749999999,0.06912032514810562,30.885160446166992,0.8475613594055176,0.0016687909374013543,0.0,72000
15,95.3399,-0.07679545879364014,23.024728775024414,0.83526211977005,0.003936793655157089,0.015625,76800
16,124.58972499999999,-0.12788516283035278,23.749794006347656,0.8718960881233215,0.006807822268456221,0.0,81600
17,125.33475,0.10804546624422073,35.51679611206055,0.8602709770202637,-0.0015745250275358558,0.03125,86400
18,120.2751375,0.07692933827638626,25.417009353637695,0.7483364939689636,0.015089832246303558,0.171875,91200
19,120.42785,0.05752868577837944,41.55400466918945,0.756328821182251,-0.004602895583957434,0.0,96000
20,125.256,0.05513716861605644,32.13679504394531,0.6885942816734314,0.007086014840751886,0.015625,100800
21,132.0317375,0.07428843528032303,44.34190368652344,0.704352855682373,0.007102177012711763,0.02083333395421505,105600
22,141.27345,-0.031989116221666336,36.670433044433594,0.7528049349784851,0.0001793261617422104,0.0,110400
23,133.7336125,-0.04834200069308281,41.260353088378906,0.6830876469612122,0.003789679380133748,0.010416666977107525,115200
24,118.249375,0.028089070692658424,43.194122314453125,0.5915361642837524,0.010330560617148876,0.02604166604578495,120000
25,118.973975,-0.0676664337515831,35.54343795776367,0.5412152409553528,-0.0006048393552191556,0.0052083334885537624,124800
26,115.3957625,0.028858205303549767,50.152645111083984,0.5300061702728271,-0.0007085564429871738,0.0,129600
27,104.33865,-0.09817322343587875,37.95707321166992,0.5355527997016907,0.004134798422455788,0.0,134400
28,115.15008749999998,0.04747806861996651,36.391117095947266,0.4660387933254242,0.007839541882276535,0.03125,139200
29,115.3887,-0.03955462947487831,50.64653396606445,0.5002231001853943,-0.005131000652909279,0.0052083334885537624,144000
30,119.2858375,-0.08911702781915665,31.885759353637695,0.4598034620285034,-0.0011312296846881509,0.010416666977107525,148800
31,110.1448875,0.013114407658576965,46.119964599609375,0.4963090717792511,0.0029248211067169905,0.02083333395421505,153600
32,105.5173625,-0.04986502602696419,33.03889083862305,0.5122867226600647,-0.010066130198538303,0.015625,158400
33,125.6844375,0.0719202533364296,38.74748229980469,0.5416801571846008,0.004584347363561392,0.0,163200
34,121.74716249999999,0.03249724954366684,36.91347885131836,0.4776366055011749,0.002200024202466011,0.0,168000
35,117.1268,-0.08183854073286057,25.863616943359375,0.4368058443069458,0.0021741632372140884,0.0885416641831398,172800
36,117.9507625,0.05309171602129936,39.589717864990234,0.4766683876514435,0.006769150495529175,0.0,177600
37,106.7047,0.23988737165927887,55.4283561706543,0.5069029927253723,1.8318494767299853e-05,0.0,182400
38,125.716525,0.008291495032608509,45.817962646484375,0.5442918539047241,-0.006396806333214045,0.0,187200
39,118.69195,-0.12373686581850052,40.79860305786133,0.5653402209281921,-0.006490664556622505,0.015625,192000
40,125.374575,0.037395376712083817,52.9981803894043,0.5524229407310486,-0.0005136218969710171,0.0052083334885537624,196800
41,126.13731250000001,0.05598674342036247,36.89495849609375,0.5101641416549683,0.001341619878076017,0.010416666977107525,201600
42,109.3597125,-0.005538688972592354,38.18928146362305,0.5588598251342773,-0.001170409843325615,0.0364583320915699,206400
43,129.1168625,-0.038053080439567566,35.926124572753906,0.6114200353622437,0.0030121367890387774,0.010416666977107525,211200
44,134.3219125,0.004822492599487305,47.56898498535156,0.5284529328346252,-0.0021480489522218704,0.0052083334885537624,216000
45,128.1241125,0.01211599726229906,36.87967300415039,0.5078811049461365,-0.004308844450861216,0.0052083334885537624,220800
46,98.21697499999999,-0.11790907382965088,39.63872146606445,0.472127765417099,0.0017946636071428657,0.0,225600
47,99.76974999999999,0.07647643238306046,39.078338623046875,0.49486374855041504,0.0012153033167123795,0.015625,230400
48,102.74303749999999,-0.0871976688504219,40.77737045288086,0.49472537636756897,0.0021768994629383087,0.010416666977107525,235200
49,107.0418375,0.11815306544303894,42.65797805786133,0.4943905770778656,0.0008875243365764618,0.015625,240000
50,84.822775,-0.07054731994867325,23.759119033813477,0.5095074772834778,-0.00462747598066926,0.0052083334885537624,244800
51,103.94762499999999,0.024617230519652367,32.16658020019531,0.5297839641571045,0.005368271842598915,0.02083333395421505,249600
52,106.79034999999999,-0.010389762930572033,43.034515380859375,0.5757554173469543,0.003785147564485669,0.010416666977107525,254400
53,120.98349999999999,0.11653319001197815,37.72706985473633,0.6030458807945251,0.003134004073217511,0.0,259200
54,116.448725,-0.0723457857966423,30.839309692382812,0.6221044659614563,0.0022634032648056746,0.0,264000
55,117.16603749999999,-0.08496353775262833,24.75471305847168,0.6569037437438965,-0.0002912711352109909,0.0364583320915699,268800
56,134.10163749999998,-0.05170893296599388,33.44749069213867,0.5620710253715515,-0.006288675591349602,0.0,273600
57,117.27268749999999,-0.019615715369582176,25.91231346130371,0.5776200294494629,-0.0016128899296745658,0.0,278400
58,111.4259375,-0.008401744067668915,36.040977478027344,0.5827764868736267,0.004927430301904678,0.0052083334885537624,283200
59,102.20352499999998,0.011839539743959904,29.52256202697754,0.650056779384613,0.0059052747674286366,0.010416666977107525,288000
60,105.712875,0.0543675422668457,32.99034881591797,0.5421679019927979,0.005777338054031134,0.02604166604578495,292800
61,101.24024999999999,0.07345157116651535,29.241233825683594,0.5326898694038391,0.0044053178280591965,0.046875,297600
62,103.9019125,0.050590455532073975,41.216941833496094,0.5320137143135071,-0.0020603928714990616,0.015625,302400
63,120.4217875,-0.0010382806649431586,32.69280242919922,0.5174751281738281,0.001738155260682106,0.0,307200
64,107.5172625,-0.016003476455807686,33.337528228759766,0.4625415802001953,-0.0020658031571656466,0.0052083334885537624,312000
65,104.3334875,0.06570465117692947,36.9832878112793,0.52359539270401,0.003160265041515231,0.0416666679084301,316800
66,108.1933875,-0.10467485338449478,28.283754348754883,0.5639607310295105,0.00485730217769742,0.046875,321600
67,109.44786249999999,0.07128729671239853,37.68522262573242,0.6303619146347046,-0.007063330616801977,0.0,326400
68,127.8357125,-0.03490353003144264,31.4920711517334,0.6883235573768616,0.0047255586832761765,0.15625,331200
69,124.3032875,-0.06020773947238922,30.28894805908203,0.6300901174545288,0.010556587018072605,0.1145833358168602,336000
70,116.08155,-0.04181499406695366,28.137998580932617,0.6730996966362,0.01081019639968872,0.0,340800
71,122.4005625,-0.1021721139550209,26.873001098632812,0.6687431335449219,-0.0046900189481675625,0.0052083334885537624,345600
72,118.99113750000001,-0.008218089118599892,30.858848571777344,0.6466463208198547,0.003311834530904889,0.0052083334885537624,350400
73,122.43594999999999,0.04913437366485596,38.6814079284668,0.6310103535652161,0.002166788326576352,0.02604166604578495,355200
74,112.29855,-0.059317365288734436,26.352853775024414,0.5724974274635315,0.0029237892013043165,0.1197916641831398,360000
75,101.49793749999999,0.023690668866038322,39.227664947509766,0.5192143321037292,0.0018091077217832208,0.1354166716337204,364800
76,108.5195375,0.053655415773391724,45.777069091796875,0.5281026363372803,0.0020098357927054167,0.010416666977107525,369600
77,86.6791875,-0.02252463437616825,24.541582107543945,0.4981030523777008,-0.0012442836305126548,0.02604166604578495,374400
78,100.6662,0.02920633740723133,26.69435691833496,0.5965120196342468,0.0036826878786087036,0.0,379200
79,99.42600000000002,-0.15887168049812317,23.758583068847656,0.4961486756801605,0.0025181062519550323,0.015625,384000
80,104.7785375,-0.1817762851715088,27.472509384155273,0.4612429141998291,0.004334464203566313,0.0,388800
81,90.94501249999999,-0.10343551635742188,22.701322555541992,0.5071404576301575,0.008039813488721848,0.0572916679084301,393600
82,111.45646249999999,0.011223946698009968,31.33158302307129,0.547668993473053,0.006035773549228907,0.015625,398400
83,111.77392499999999,-0.08499288558959961,19.172607421875,0.4787478446960449,0.005485790316015482,0.0677083358168602,403200
84,107.8054375,0.14524443447589874,29.00205421447754,0.517915666103363,-0.006562008988112211,0.010416666977107525,408000
85,104.8239125,0.09418798238039017,41.48750686645508,0.4956482946872711,-0.005978496745228767,0.0052083334885537624,412800
86,108.9914125,-0.04459116980433464,27.181074142456055,0.5246410965919495,0.0038122001569718122,0.015625,417600
87,126.8264,0.0333075076341629,34.38273239135742,0.5100840330123901,-0.0008471843902952969,0.015625,422400
88,120.8340125,0.05777740478515625,40.321807861328125,0.4945700466632843,0.002402897924184799,0.010416666977107525,427200
89,112.263775,0.06222021207213402,38.3526496887207,0.48284098505973816,0.002234461484476924,0.0,432000
90,97.93305,0.19232912361621857,53.09646987915039,0.5193538665771484,0.006014667451381683,0.02083333395421505,436800
91,98.84813749999999,-0.0028297428507357836,33.06745910644531,0.45411720871925354,0.0032964579295367002,0.02604166604578495,441600
92,91.63632499999999,0.03302565962076187,25.76951789855957,0.5000755190849304,0.004283946007490158,0.0,446400
93,96.90551249999999,0.045110058039426804,32.73097610473633,0.5570662617683411,0.00402899319306016,0.0416666679084301,451200
94,113.9432375,0.059740226715803146,37.77192687988281,0.48279306292533875,0.003737236140295863,0.0052083334885537624,456000
95,89.0713125,-0.007436682935804129,17.870676040649414,0.5603198409080505,0.0019061410566791892,0.0416666679084301,460800
96,101.53366249999999,-0.10004466027021408,22.095809936523438,0.5598105788230896,0.005072181578725576,0.0052083334885537624,465600
97,107.1532625,-0.005263566505163908,29.73236656188965,0.5293394923210144,-0.0013012116542086005,0.02604166604578495,470400
98,114.0542625,0.012608674354851246,39.34311294555664,0.5306594967842102,0.0004117948410566896,0.015625,475200
99,116.32825,-0.012015663087368011,32.464149475097656,0.46332788467407227,0.0013174135237932205,0.0,480000
100,94.0554375,-0.07464852184057236,20.051851272583008,0.5274805426597595,0.006227958481758833,0.0,484800
101,101.56756250000001,-0.020372658967971802,21.104589462280273,0.4710914194583893,-0.0008249909733422101,0.0052083334885537624,489600
102,93.72291249999999,0.019934145733714104,25.93559455871582,0.4877817630767822,-0.003927859012037516,0.0,494400
103,98.0623875,-0.027171263471245766,22.614137649536133,0.4455312192440033,0.002624575747177005,0.0,499200
104,83.103425,-0.015863904729485512,30.986244201660156,0.43723002076148987,-0.0037961832713335752,0.0364583320915699,504000
105,89.605425,0.0401432178914547,24.161468505859375,0.4957146942615509,0.007024900522083044,0.010416666977107525,508800
106,80.54525,0.00582147017121315,23.258392333984375,0.49189236760139465,0.0010692328214645386,0.015625,513600
107,89.439275,0.03057515062391758,26.633071899414062,0.4738334119319916,0.0019189473241567612,0.0052083334885537624,518400
108,95.7730875,-0.07018483430147171,26.023826599121094,0.5373616218566895,-0.0002473971399012953,0.0416666679084301,523200
109,91.4688125,-0.04310539364814758,22.150426864624023,0.5187723636627197,0.001641788869164884,0.0052083334885537624,528000
110,88.51015,-0.12542814016342163,25.905136108398438,0.48793888092041016,0.004409212619066238,0.0572916679084301,532800
111,98.91501249999999,-0.00834625493735075,31.356740951538086,0.5397331714630127,0.005203548818826675,0.0,537600
112,90.571225,-0.03515699505805969,20.012174606323242,0.5170665383338928,0.003610293148085475,0.02083333395421505,542400
113,91.80819999999999,-0.050273820757865906,25.258773803710938,0.5563722252845764,0.002407583175227046,0.0052083334885537624,547200
114,91.52375,-0.02425931952893734,26.0918025970459,0.5685287117958069,0.0010024160146713257,0.0052083334885537624,552000
115,88.34492499999999,0.020076574757695198,25.9856014251709,0.564085066318512,0.001907647238112986,0.010416666977107525,556800
116,108.37225,0.027759520336985588,29.16101837158203,0.5654972791671753,0.006652227137237787,0.02083333395421505,561600
117,89.8972125,-0.03376595675945282,29.706390380859375,0.5412154197692871,8.994092786451802e-05,0.0052083334885537624,566400
118,92.8796625,0.027829190716147423,27.480379104614258,0.6000558733940125,-0.0008665323257446289,0.02604166604578495,571200
119,99.3583,0.015929339453577995,23.5159912109375,0.6262664794921875,0.003170246258378029,0.02083333395421505,576000
120,95.56297500000001,-0.0636306181550026,20.034568786621094,0.6624955534934998,0.0019625630229711533,0.02604166604578495,580800
121,102.340425,0.052664175629615784,30.779478073120117,0.6596122980117798,0.007711007725447416,0.010416666977107525,585600
122,102.1696125,-0.024606704711914062,22.644332885742188,0.6845260262489319,0.007217599079012871,0.010416666977107525,590400
123,113.9513125,0.008731123991310596,26.659034729003906,0.6766107082366943,0.006258384790271521,0.0364583320915699,595200
124,119.0139375,-0.012055139988660812,23.972299575805664,0.6844263672828674,0.004610156640410423,0.0364583320915699,600000
125,123.0919375,0.0010757645359262824,24.681427001953125,0.6689879894256592,-0.0005628292565234005,0.0052083334885537624,604800
126,119.57068749999999,0.07306653261184692,29.224218368530273,0.7882482409477234,0.012708191759884357,0.1510416716337204,609600
127,131.4654625,-0.006693534553050995,28.31337547302246,0.7031272053718567,-0.001336361630819738,0.010416666977107525,614400
128,132.081575,-0.033198390156030655,34.644927978515625,0.6794255375862122,0.0005501999403350055,0.0,619200
129,130.7744,0.05531693622469902,44.132938385009766,0.6729192733764648,0.0012968474766239524,0.0052083334885537624,624000
130,123.48580000000001,-0.020246034488081932,33.82573699951172,0.5931315422058105,-0.00031808577477931976,0.0364583320915699,628800
131,119.6179375,-0.02996113710105419,34.70348358154297,0.6442985534667969,0.0033915762323886156,0.0,633600
132,124.0781875,-0.01980198360979557,33.6274528503418,0.7210355401039124,0.010710050351917744,0.0625,638400
133,127.398,0.042727213352918625,54.15330123901367,0.733992338180542,-0.001140481443144381,0.010416666977107525,643200
134,124.7995,0.047579824924468994,45.70524215698242,0.6937516331672668,0.0016530727734789252,0.0,648000
135,119.0031625,-0.03763849288225174,24.671175003051758,0.7534319758415222,0.003108598990365863,0.03125,652800
136,126.91164999999998,-0.03902355208992958,31.10235023498535,0.799024760723114,-0.0026441439986228943,0.0,657600
137,134.38285,-0.07108570635318756,38.04975128173828,0.7804933190345764,-5.425264589575818e-06,0.0,662400
138,136.8279875,0.0031125247478485107,34.53951644897461,0.7889707684516907,-0.0065141706727445126,0.02604166604578495,667200
139,123.1247625,0.052877023816108704,43.37892532348633,0.7489688396453857,0.010739198885858059,0.0729166641831398,672000
140,132.8193375,0.14442871510982513,56.742828369140625,0.7190701961517334,0.002633199095726013,0.010416666977107525,676800
141,125.94029999999998,0.023402899503707886,40.6655387878418,0.7677085399627686,0.01048935204744339,0.0052083334885537624,681600
142,130.432175,-0.005095399916172028,34.9322395324707,0.8336634635925293,-0.0006025321781635284,0.02604166604578495,686400
143,139.64915000000002,-0.010808908380568027,45.45866775512695,0.7579428553581238,-0.0010733436793088913,0.0052083334885537624,691200
144,139.468325,0.05448219180107117,39.88386154174805,0.7724995613098145,0.006264565512537956,0.0364583320915699,696000
145,139.1510875,-0.0034363444428890944,42.83553695678711,0.7398953437805176,-0.004147814586758614,0.0416666679084301,700800
146,144.5920125,-0.0180251095443964,60.18220901489258,0.7086615562438965,0.012767518870532513,0.02083333395421505,705600
147,136.1178875,-0.029500721022486687,39.04814147949219,0.6206820607185364,0.0036507684271782637,0.02604166604578495,710400
148,141.8621,0.041044071316719055,47.63016128540039,0.644452691078186,-0.008776570670306683,0.046875,715200
149,131.6363625,0.009440098889172077,45.06541442871094,0.6670944690704346,0.0034711610060185194,0.015625,720000
