update,stage,num_jobs,max_steps,batch_arrival_seed,mean_undiscounted_return,mean_discounted_return,policy_loss,entropy,total_loss,grad_norm,env_steps_this_update,env_steps_cumulative
0,0,100,300,393,30.816575,8.300321937021774,-0.003013824811205268,1.7866302728652954,-0.02088012732565403,0.3363809883594513,4457,4457
1,0,100,300,857,29.91195,7.9256521348680895,-0.005570015404373407,1.786624789237976,-0.02343626320362091,0.29073601961135864,4681,9138
2,0,100,300,713,12.905212500000001,3.1716339213341938,0.004689304623752832,1.7864471673965454,-0.01317516714334488,0.2845446467399597,2300,11438
3,0,100,300,798,19.2507625,6.269166899809863,-0.029037609696388245,1.7862225770950317,-0.04689983278512955,0.3535887598991394,3056,14494
4,0,100,300,639,27.838225,7.7418921521097825,-0.003967147786170244,1.78548002243042,-0.021821947768330574,0.1676357090473175,3993,18487
5,0,100,300,581,33.945125,8.28240777340093,-0.012205113656818867,1.7847355604171753,-0.030052468180656433,0.478145569562912,3947,22434
6,0,100,300,683,36.06955000000001,9.59607430419403,-0.03915833309292793,1.7840304374694824,-0.056998636573553085,0.601822018623352,4671,27105
7,0,100,300,679,33.710499999999996,5.7133215146096745,-0.00854859221726656,1.7833292484283447,-0.026381883770227432,0.19151671230793,5654,32759
8,0,100,300,828,25.294875,7.4339121881600185,-0.01115468330681324,1.782543420791626,-0.028980117291212082,0.2489951103925705,3273,36032
9,0,100,300,985,55.9363125,14.822100772511245,-0.005081524606794119,1.7816303968429565,-0.022897828370332718,0.28782644867897034,5702,41734
10,0,100,300,907,43.017062499999994,8.016255762740409,-0.04443349689245224,1.7809667587280273,-0.06224316358566284,0.4326668083667755,4955,46689
11,0,100,300,402,33.1273875,6.718328760257927,-0.017107505351305008,1.77980637550354,-0.0349055677652359,0.4188117980957031,4534,51223
12,0,100,300,610,50.7621125,12.291820923743817,-0.024249542504549026,1.778887152671814,-0.042038410902023315,0.26106932759284973,5501,56724
13,0,100,300,996,27.97385,8.52115620991858,-0.0262751542031765,1.7776910066604614,-0.044052064418792725,0.22417335212230682,3424,60148
14,0,100,300,899,53.1433375,12.69062147646801,-0.04857836291193962,1.7766867876052856,-0.0663452297449112,0.36187705397605896,5821,65969
15,0,100,300,543,49.4682375,13.90286611023383,-0.04327438771724701,1.7752970457077026,-0.06102735549211502,0.4906023144721985,4768,70737
16,0,100,300,473,43.380075,12.663837494883602,-0.022014709189534187,1.7734676599502563,-0.0397493839263916,0.2444489300251007,4881,75618
17,0,100,300,621,44.1304875,11.003793079877655,-0.02898363582789898,1.7718640565872192,-0.04670227691531181,0.26144853234291077,5132,80750
18,0,100,300,958,24.2233625,7.6795397688213285,-0.04240585118532181,1.7700257301330566,-0.06010610610246658,0.4351558983325958,2539,83289
19,0,100,300,887,36.458687499999996,10.675348803598268,-0.06523796170949936,1.7682136297225952,-0.08292009681463242,0.4526987075805664,3775,87064
20,0,100,300,987,34.753637499999996,9.6602219282105,-0.06155858933925629,1.7658824920654297,-0.07921741157770157,0.36997097730636597,4473,91537
21,0,100,300,394,35.57555,10.990582099374997,-0.06372744590044022,1.7640831470489502,-0.08136827498674393,0.41479530930519104,3369,94906
22,0,100,300,515,35.3290875,10.569779791769118,-0.09273122996091843,1.761229395866394,-0.11034352332353592,0.4958663880825043,3598,98504
23,0,100,300,876,59.937525,13.714565188354308,-0.055518340319395065,1.7583410739898682,-0.07310175150632858,0.3053729236125946,6008,104512
24,0,100,300,988,34.1374625,8.976185973694445,-0.039910878986120224,1.755141019821167,-0.057462289929389954,0.2815071940422058,3415,107927
25,0,100,300,949,61.4704125,14.433992224262205,-0.0776815414428711,1.7528209686279297,-0.0952097475528717,0.4443136155605316,5136,113063
26,0,100,300,804,37.5304125,8.777645528947815,-0.041052404791116714,1.748987078666687,-0.05854227393865585,0.28527188301086426,4479,117542
27,0,100,300,714,48.717237499999996,10.616222112681529,-0.047065019607543945,1.7464261054992676,-0.06452928483486176,0.23419563472270966,4784,122326
28,0,100,300,920,53.60669999999999,13.482333449411296,-0.09095387160778046,1.7433116436004639,-0.10838698595762253,0.4488567113876343,4388,126714
29,0,100,300,977,64.51567499999999,15.024108851458841,-0.028954757377505302,1.7390825748443604,-0.046345584094524384,0.3240872919559479,5852,132566
30,0,100,300,845,38.165225,9.339774726914978,-0.06221708655357361,1.7357451915740967,-0.07957454025745392,0.5264943838119507,3608,136174
31,0,100,300,779,51.238775,11.487414553945168,-0.05580427125096321,1.7332295179367065,-0.07313656806945801,0.24653373658657074,4846,141020
32,0,100,300,310,49.2202875,11.232498188521816,-0.0766221433877945,1.72849702835083,-0.09390711784362793,0.3466483950614929,5035,146055
33,0,100,300,980,47.79426249999999,13.473397998890995,-0.05955454707145691,1.7258331775665283,-0.07681287825107574,0.3184821903705597,3877,149932
34,0,100,300,512,55.2673625,14.095576446648518,-0.07095528393983841,1.7229353189468384,-0.08818463981151581,0.31220898032188416,4923,154855
35,0,100,300,468,56.9874,15.631553915563702,-0.1432192623615265,1.7184240818023682,-0.16040350496768951,0.5300039052963257,3945,158800
36,0,100,300,900,73.8115,19.24364490045822,-0.12210293114185333,1.7145015001296997,-0.13924795389175415,0.48884376883506775,6137,164937
37,0,100,300,353,66.7668375,17.656183262373613,-0.16697628796100616,1.7094630002975464,-0.1840709149837494,0.7662943005561829,4670,169607
38,0,100,300,694,74.50868750000001,16.99716895447998,-0.17292577028274536,1.7038992643356323,-0.18996475636959076,0.6651173830032349,4981,174588
39,0,100,300,997,68.38605,12.06315754013869,-0.0700097531080246,1.698728084564209,-0.08699703216552734,0.2539190948009491,5655,180243
40,0,100,300,728,56.898487499999995,14.077441352429165,-0.14018075168132782,1.6912609338760376,-0.1570933610200882,0.5787838101387024,4688,184931
41,0,100,300,422,52.4310125,14.021256307880162,-0.09970974922180176,1.6853251457214355,-0.11656299978494644,0.43526870012283325,4501,189432
42,0,100,300,609,74.906275,20.91969687151746,-0.0760205015540123,1.6785695552825928,-0.09280619770288467,0.4435865581035614,4953,194385
43,0,100,300,808,120.1471,24.816354159464783,-0.0872209444642067,1.6737349033355713,-0.10395829379558563,0.2891383469104767,8343,202728
44,0,100,300,537,80.57749999999999,21.37060847844547,-0.11405184119939804,1.6663850545883179,-0.13071569800376892,0.39249005913734436,6678,209406
45,0,100,300,737,72.4835125,21.857287716113127,-0.11074455827474594,1.6589622497558594,-0.12733417749404907,0.5903303623199463,4361,213767
46,0,100,300,822,62.434462499999995,17.43383061157245,-0.1340220421552658,1.6514917612075806,-0.15053695440292358,0.42252159118652344,4963,218730
47,0,100,300,923,80.8496625,21.503834628751143,-0.13585232198238373,1.6453272104263306,-0.15230558812618256,0.5253177285194397,5679,224409
48,0,100,300,514,70.6672375,21.07200734609733,-0.22048690915107727,1.6368587017059326,-0.23685549199581146,0.6529736518859863,4704,229113
49,0,100,300,302,51.014775,16.95456205643138,-0.14508727192878723,1.6355091333389282,-0.161442369222641,0.55909663438797,4073,233186
50,0,100,300,362,75.216675,17.662116491955636,-0.22949407994747162,1.6158086061477661,-0.24565216898918152,0.6341149210929871,5401,238587
51,0,100,300,873,57.334962499999996,19.764366477449805,-0.18846505880355835,1.6079872846603394,-0.20454493165016174,0.5205274820327759,3990,242577
52,0,100,300,899,107.2865125,30.224776768367448,-0.10923991352319717,1.6078314781188965,-0.1253182291984558,0.35292351245880127,8111,250688
53,0,100,300,648,62.30735,15.155600225780157,-0.13291281461715698,1.5875605344772339,-0.1487884223461151,0.3753281831741333,4718,255406
54,0,100,300,434,60.435225,16.69866699792344,-0.23276647925376892,1.5745153427124023,-0.24851162731647491,0.695288360118866,3769,259175
55,0,100,300,351,56.871875,17.53416495948762,-0.14915379881858826,1.5679004192352295,-0.16483280062675476,0.5058797001838684,3678,262853
56,0,100,300,314,25.729974999999996,10.724125939491518,-0.24759629368782043,1.5517197847366333,-0.26311349868774414,0.8893462419509888,1606,264459
57,0,100,300,952,72.80236249999999,21.89137447526801,-0.07146865129470825,1.5430903434753418,-0.08689955621957779,0.2641073763370514,4773,269232
58,0,100,300,516,61.31706249999999,18.009369826572815,0.036201633512973785,1.533738613128662,0.020864248275756836,0.4066520631313324,3583,272815
59,0,100,300,842,77.5061375,25.07157189853028,-0.17046761512756348,1.5158675909042358,-0.1856262981891632,0.44424793124198914,4621,277436
60,0,100,300,649,78.693075,23.285785999787386,-0.0657484233379364,1.522254228591919,-0.08097096532583237,0.3543764650821686,5302,282738
61,0,100,300,315,90.8689875,29.96850114773851,-0.09259352833032608,1.5064748525619507,-0.1076582744717598,0.2891198694705963,5534,288272
62,0,100,300,305,112.97173749999999,29.121627200313135,-0.1328364908695221,1.4959086179733276,-0.14779557287693024,0.3572435677051544,6511,294783
63,0,100,300,599,101.853875,30.89737230141746,-0.148037388920784,1.4935606718063354,-0.16297300159931183,0.3607001006603241,6617,301400
64,0,100,300,751,105.6131125,34.310367632632335,-0.053520433604717255,1.4701268672943115,-0.06822170317173004,0.31009820103645325,5767,307167
65,0,100,300,989,65.9757125,19.573613865869262,0.013556755147874355,1.4523342847824097,-0.0009665871039032936,0.3466912806034088,4092,311259
66,0,100,300,946,73.668275,22.873910724288724,-0.10075603425502777,1.4617053270339966,-0.11537308990955353,0.3578172028064728,4977,316236
67,0,100,300,398,81.3866875,24.640128834290504,-0.06766045093536377,1.4532575607299805,-0.08219302445650101,0.5000197887420654,3965,320201
68,0,100,300,907,97.1053125,28.089289329441474,-0.33322611451148987,1.4482213258743286,-0.3477083146572113,0.7912662625312805,6039,326240
69,0,100,300,817,110.1484375,35.73987176203909,0.02887898124754429,1.419764518737793,0.014681336469948292,0.24643811583518982,5175,331415
70,0,100,300,592,84.727325,29.194280082053574,-0.3562091886997223,1.4132578372955322,-0.37034177780151367,1.0251003503799438,3993,335408
71,0,100,300,669,68.3418125,21.24989041544513,-0.06327633559703827,1.4011837244033813,-0.0772881731390953,0.6144099235534668,3169,338577
72,0,100,300,776,86.2081375,24.120519768639134,-0.07450313866138458,1.3970789909362793,-0.08847393095493317,0.45145756006240845,4516,343093
73,0,100,300,788,67.6085875,23.01129864534116,-0.07053454965353012,1.4070874452590942,-0.08460542559623718,0.33469298481941223,4189,347282
74,0,100,300,552,82.3448375,24.447594935612415,-0.09311681240797043,1.382961630821228,-0.1069464311003685,0.33131763339042664,4736,352018
75,0,100,300,957,72.271975,22.792588643121356,-0.057683367282152176,1.3614100217819214,-0.07129746675491333,0.21775150299072266,4139,356157
76,0,100,300,758,85.7559875,19.95587711344863,-0.2670551538467407,1.3776887655258179,-0.28083205223083496,0.7323094606399536,5259,361416
77,0,100,300,500,70.577,25.188768258004885,-0.1833633929491043,1.3817241191864014,-0.1971806287765503,0.5416020154953003,4056,365472
78,0,100,300,962,67.615025,24.70203209462273,-0.2513599395751953,1.3405789136886597,-0.26476573944091797,0.5557436943054199,3249,368721
79,0,100,300,471,80.2204375,24.986925665510782,-0.11887969821691513,1.3554754257202148,-0.13243445754051208,0.28047308325767517,6008,374729
80,0,100,300,633,102.16862499999999,31.04682688450452,-0.05574215203523636,1.3498929738998413,-0.06924108415842056,0.11139225214719772,6953,381682
81,0,100,300,582,89.25315,27.453098221121778,-0.015421277843415737,1.3538317680358887,-0.028959594666957855,0.20978640019893646,5983,387665
82,0,100,300,557,95.8765,33.19998616207962,-0.19181707501411438,1.3044346570968628,-0.20486141741275787,0.5335966348648071,5015,392680
83,0,100,300,652,71.37406250000001,31.554029382991928,-0.012566312216222286,1.2856636047363281,-0.025422949343919754,0.6528050303459167,2748,395428
84,0,100,300,955,89.777875,21.186988034086717,-0.18726330995559692,1.3065701723098755,-0.2003290057182312,0.42672470211982727,5731,401159
85,0,100,300,841,75.959675,28.83465625014763,-0.19179478287696838,1.2771981954574585,-0.20456676185131073,0.5195084810256958,3935,405094
86,0,100,300,999,78.443625,27.889141344081633,-0.25760722160339355,1.260994553565979,-0.2702171802520752,0.5463141202926636,4108,409202
87,0,100,300,914,75.2651375,29.992174520393746,-0.2319236546754837,1.2381168603897095,-0.244304820895195,1.018631935119629,3821,413023
88,0,100,300,375,66.1289375,28.80738477675425,-0.2999366819858551,1.2276285886764526,-0.3122129738330841,0.5582383871078491,2846,415869
89,0,100,300,672,81.829025,24.725349837137465,0.1539459377527237,1.2459416389465332,0.1414865255355835,0.4943297505378723,5013,420882
90,0,100,300,985,72.97016249999999,34.283495253527605,-0.30234917998313904,1.2129974365234375,-0.31447914242744446,1.1107807159423828,2442,423324
91,0,100,300,418,93.74211249999999,38.66730839564045,-0.15308058261871338,1.1959235668182373,-0.1650398224592209,0.327971875667572,3540,426864
92,0,100,300,511,84.6917375,30.648884344386776,-0.05934206396341324,1.2485471963882446,-0.07182753831148148,0.17721183598041534,7427,434291
93,0,100,300,502,82.5793,25.168573599501823,0.06061428785324097,1.2147855758666992,0.048466432839632034,0.27297118306159973,4949,439240
94,0,100,300,356,112.80608749999999,36.093262447782095,-0.10143505781888962,1.2018275260925293,-0.11345333606004715,0.35079044103622437,6183,445423
95,0,100,300,941,84.33307500000001,30.107956135825567,0.10203314572572708,1.2115179300308228,0.08991796523332596,0.30304235219955444,4680,450103
96,0,100,300,915,99.54558750000001,32.202336514067824,-0.16062793135643005,1.169393539428711,-0.1723218709230423,0.4254172146320343,4603,454706
97,0,100,300,696,100.5377125,30.79633505812302,-0.027475468814373016,1.1637693643569946,-0.03911316394805908,0.2687169313430786,6300,461006
98,0,100,300,635,97.449175,32.919762621552536,-0.4588029384613037,1.1391406059265137,-0.47019433975219727,1.1431000232696533,3740,464746
99,0,100,300,689,97.92761249999998,36.36389991346323,-0.050537753850221634,1.1682223081588745,-0.062219977378845215,0.4806502163410187,4926,469672
100,0,100,300,423,48.41409999999999,18.835901561278458,-0.2902721166610718,1.1259597539901733,-0.30153170228004456,0.7269772291183472,2585,472257
101,0,100,300,764,81.8062625,26.738093507498057,0.1178530752658844,1.1497306823730469,0.10635577142238617,0.47012463212013245,4788,477045
102,0,100,300,636,77.34132499999998,28.354153348292837,-0.2023540586233139,1.1143343448638916,-0.21349740028381348,0.485362708568573,3644,480689
103,0,100,300,779,74.6667625,25.10105805999447,0.2495276927947998,1.0899063348770142,0.23862862586975098,0.654583215713501,2905,483594
104,0,100,300,417,70.996825,24.317488910748903,-0.08579079061746597,1.1056190729141235,-0.09684698283672333,0.4799303114414215,4157,487751
105,0,100,300,678,103.750875,31.84930176511242,-0.09716491401195526,1.1185100078582764,-0.10835001617670059,0.2733125388622284,5833,493584
106,0,100,300,349,141.86422499999998,44.22495968936313,-0.6854322552680969,1.101036787033081,-0.6964426040649414,1.2982594966888428,5514,499098
107,0,100,300,747,101.9276875,32.24150607347994,-0.21302029490470886,1.1161043643951416,-0.22418133914470673,0.39134320616722107,6317,505415
108,0,100,300,681,124.07159999999999,38.31846723152483,0.11350688338279724,1.0874913930892944,0.10263197124004364,0.7748305201530457,5118,510533
109,0,100,300,399,90.93260000000001,32.490802045413645,-0.08927811682224274,1.072596788406372,-0.10000408440828323,0.23123328387737274,3767,514300
110,0,100,300,976,93.2779,32.49229568489824,-0.36363980174064636,1.0739970207214355,-0.3743797838687897,0.6209422945976257,4266,518566
111,0,100,300,912,82.86355,30.21101067570472,0.030269591137766838,1.0558395385742188,0.019711196422576904,0.4149571359157562,4569,523135
112,0,100,300,829,86.2359875,26.72478827327484,-0.16740666329860687,1.0742243528366089,-0.17814891040325165,0.5754297971725464,4092,527227
113,0,100,300,742,100.3474,40.56489693958305,-0.05225464701652527,1.066452980041504,-0.06291917711496353,0.34048715233802795,5824,533051
114,0,100,300,536,81.5445875,27.273107401411416,-0.12361858785152435,1.0646315813064575,-0.13426490128040314,0.22326278686523438,5684,538735
115,0,100,300,450,81.521375,30.800960007764495,-0.18579158186912537,1.0622832775115967,-0.19641441106796265,0.5217251777648926,4332,543067
116,0,100,300,300,93.1748125,39.92667999894535,-0.16034884750843048,1.0788676738739014,-0.17113752663135529,0.48229873180389404,4985,548052
117,0,100,300,664,82.73906249999999,32.96697502875375,-0.13404366374015808,1.0155457258224487,-0.14419911801815033,0.8098088502883911,3666,551718
118,0,100,300,459,84.7243875,31.545097195982738,0.13505245745182037,1.0248560905456543,0.12480390071868896,0.6613249182701111,3763,555481
119,0,100,300,555,69.638925,28.486226548865908,0.013644389808177948,1.0548690557479858,0.0030956994742155075,0.6436482667922974,3824,559305
120,0,100,300,304,106.5948625,40.67132754077704,-0.32157081365585327,0.9883750081062317,-0.3314545750617981,0.6386536359786987,3694,562999
121,0,100,300,746,95.1273625,36.59719076512191,-0.03727100417017937,1.012941598892212,-0.04740041866898537,0.261527955532074,5076,568075
122,0,100,300,891,79.8255625,32.10663003279872,-0.032218921929597855,1.0127896070480347,-0.04234681650996208,0.3140135109424591,3674,571749
123,0,100,300,476,70.898575,27.727582409146592,-0.0911111831665039,0.9859715700149536,-0.10097090154886246,0.6841113567352295,2393,574142
124,0,100,300,412,116.2502875,36.284477963404356,-0.19696331024169922,1.015880823135376,-0.20712211728096008,0.6340356469154358,6199,580341
125,0,100,300,647,121.61071249999999,40.41463501080089,-0.23361355066299438,0.9987999796867371,-0.24360154569149017,0.408734530210495,5205,585546
126,0,100,300,396,89.30507499999999,31.612391198219854,-0.06796826422214508,1.0020309686660767,-0.07798857241868973,0.34231245517730713,4397,589943
127,0,100,300,364,80.7695375,31.86424813769065,-0.4945201873779297,0.9969553351402283,-0.5044897198677063,0.8161416053771973,3966,593909
128,0,100,300,456,81.0190875,26.98466587643087,-0.1392059624195099,0.9857762455940247,-0.14906372129917145,0.3841530978679657,5031,598940
129,0,100,300,935,47.1590625,21.043812332792832,-0.5131949186325073,0.9652833938598633,-0.5228477716445923,0.9345512390136719,2579,601519
130,0,100,300,376,76.84118749999999,28.8928791501759,0.012724542059004307,0.9324051141738892,0.003400491550564766,0.21025745570659637,3032,604551
131,0,100,300,698,87.25788749999998,34.56758147349175,-0.04389369115233421,0.9117616415023804,-0.05301130563020706,0.255197137594223,3410,607961
132,0,100,300,357,82.2201125,31.1607760135908,-0.2470272183418274,0.8954305648803711,-0.25598153471946716,0.7962918281555176,3345,611306
133,0,100,300,937,88.1202,36.446919404375215,0.01741883158683777,0.9318183660507202,0.008100648410618305,0.4156075417995453,4670,615976
134,0,100,300,776,81.4231125,25.167008996615188,-0.12402460724115372,0.9429399371147156,-0.13345400989055634,0.3684517741203308,4431,620407
135,0,100,300,580,112.0653875,35.59954519607539,-0.128840833902359,0.8847333192825317,-0.13768815994262695,0.31024935841560364,4559,624966
136,0,100,300,582,96.6560875,33.71470347034011,-0.4273891746997833,0.8856561779975891,-0.43624573945999146,0.6471629738807678,4286,629252
137,0,100,300,878,79.446975,28.205297083306345,-0.31441834568977356,0.8818691968917847,-0.32323703169822693,0.7339616417884827,3820,633072
138,0,100,300,813,76.64748749999998,27.420672541494397,-0.02468361146748066,0.864773154258728,-0.03333134204149246,0.19588038325309753,3954,637026
139,0,100,300,978,77.2184375,28.820280799655777,0.033765118569135666,0.8660958409309387,0.025104161351919174,0.31718894839286804,3683,640709
140,0,100,300,641,89.33535,28.61868987405179,0.008418858051300049,0.8479354381561279,-6.049592047929764e-05,0.4246942698955536,4004,644713
141,0,100,300,837,85.2889375,25.954432575871856,-0.09794910997152328,0.8567831516265869,-0.10651694238185883,0.2765038311481476,5051,649764
142,0,100,300,864,97.8263125,32.833812066683166,0.06255017966032028,0.8477075099945068,0.05407310277223587,0.4168318212032318,5717,655481
143,0,100,300,542,84.4147625,35.01598334851319,-0.07698693871498108,0.8754051923751831,-0.08574099093675613,0.2952536940574646,5731,661212
144,0,100,300,727,97.7210125,31.472457719279543,0.04943199083209038,0.8172942399978638,0.041259050369262695,0.32193851470947266,4498,665710
145,0,100,300,713,77.37535,27.94347396699005,-0.07317034155130386,0.8421955108642578,-0.08159229904413223,0.3300460875034332,4038,669748
146,0,100,300,881,121.273025,38.57842176416719,-0.2455907166004181,0.8119437098503113,-0.25371015071868896,0.6744067668914795,4999,674747
147,0,100,300,764,82.44344999999998,28.10623037060256,0.0789310410618782,0.839981734752655,0.07053122669458389,0.23990796506404877,4854,679601
148,0,100,300,353,95.68567499999999,36.32935134786514,-0.1143636479973793,0.8255091309547424,-0.12261874228715897,0.5690634846687317,4954,684555
149,0,100,300,545,109.59485000000001,38.849799443294685,-0.05660885199904442,0.8097260594367981,-0.06470610946416855,0.30046576261520386,4564,689119
