env,algo,init_seed,run_dir,checkpoint,checkpoint_sha256,completion_record,updates,env_steps,validation_n,validation_seeds,schedule,note
default,REINFORCE,11,results/phase5/rl_seed11,policy_best_by_val.pt,023c68247455f7632b3bfd4784fe266c70f9faa96f5ad761b2686c517fc1136c,True,400,1367981,50,250:300,20 jobs / exponential scale 120; 50 jobs / exponential scale 200; 100 jobs / exponential scale 300,
default,REINFORCE,13,results/phase5/rl_seed13,policy_best_by_val.pt,dd041c771074e1d6c0e688556fa2edf0e944ed752d8045da0e1d964dad4cbdc7,True,400,1409778,50,250:300,20 jobs / exponential scale 120; 50 jobs / exponential scale 200; 100 jobs / exponential scale 300,
default,REINFORCE,7,results/phase5/rl_seed7,policy_best_by_val.pt,ba7d7f79d2e88f6e5aaf6bf0bbf71172a6308d84fc6eb9ca217066cd52b14cd4,True,400,1424759,50,250:300,20 jobs / exponential scale 120; 50 jobs / exponential scale 200; 100 jobs / exponential scale 300,
default,PPO,11,results/hardening/ppo_benign_seed11,policy_best_by_val.pt,512f61a0a44a50e8a56aedfc89c56bdea86025e45e8c47c8de0635b7d0faee9a,True,150,720000,20,250:270,fixed 100 jobs / 300 steps,
default,PPO,13,results/hardening/ppo_benign_seed13,policy_best_by_val.pt,43d39e8d2c47497513348b6b8a16a3ee6e29e8c09fd3661e1639e5030b824f85,True,150,720000,20,250:270,fixed 100 jobs / 300 steps,
default,PPO,7,results/hardening/ppo_benign_seed7,policy_best_by_val.pt,131e8eef4b15f627b69313a3609a28577b97a77c8d40cc7d30d87454ca811e74,True,150,720000,20,250:270,fixed 100 jobs / 300 steps,
env_tight_fixedrisk,REINFORCE,11,results/hardening/reinforce_tight_seed11,policy_best_by_val.pt,f10a2310e9c61675a24780ece23773730d9b977fda90edb6c090a7b220ea3633,True,400,1429271,20,250:270,20 jobs / exponential scale 120; 50 jobs / exponential scale 200; 100 jobs / exponential scale 300,
env_tight_fixedrisk,REINFORCE,13,results/hardening/reinforce_tight_seed13,policy_best_by_val.pt,3a355f4fcbc91d8c3131fba09d04abf6e60a623db418ff66a1958de7befbc06f,True,400,1442090,20,250:270,20 jobs / exponential scale 120; 50 jobs / exponential scale 200; 100 jobs / exponential scale 300,
env_tight_fixedrisk,REINFORCE,7,results/hardening/rl_tight_fixedrisk_seed7,policy_best_by_val.pt,2ab2ae79c1b5fc776dc9c620315390473f6ff686222ffa4273224da174d9ce59,True,400,1470488,20,250:270,20 jobs / exponential scale 120; 50 jobs / exponential scale 200; 100 jobs / exponential scale 300,
env_tight_fixedrisk,PPO,11,results/hardening/ppo_tight_seed11,policy_best_by_val.pt,570454313cbeb3858bffcefebaf315f1a0838f029e550d5507fc92c1e8ff5bf4,True,150,720000,20,250:270,fixed 100 jobs / 300 steps,
env_tight_fixedrisk,PPO,13,results/hardening/ppo_tight_seed13,policy_best_by_val.pt,d78c982c81201ce521d3224ccc44f3e92ca004fd4a20d5cc73a60dede8af0cf2,True,150,720000,20,250:270,fixed 100 jobs / 300 steps,
env_tight_fixedrisk,PPO,7,results/hardening/ppo_tight_seed7,policy_best_by_val.pt,b175e21e4c829463abf33d098cdaeaf310f6ae57d923ebdfe43b0411d5ab0633,True,150,720000,20,250:270,fixed 100 jobs / 300 steps,
env_cascade,REINFORCE,11,results/hardening/reinforce_cascade_seed11,policy_best_by_val.pt,4cbea3c328049d51f989f57c58c9ab6931c34caaca91abb936de16f50806a24e,True,150,687278,50,250:300,100 jobs / exponential scale 300,
env_cascade,REINFORCE,13,results/hardening/reinforce_cascade_seed13,policy_best_by_val.pt,05e79acb43fdf9d6615f6db1f2c6ddf4e447d9a68d3e1de935949e4144bca468,True,150,706838,50,250:300,100 jobs / exponential scale 300,
env_cascade,REINFORCE,7,results/hardening/reinforce_cascade_seed7,policy_best_by_val.pt,2d7d987c27aa5eb494b2f05898484cb53ffbf8fbda99de1f6770380a96a78550,True,150,719964,20,250:270,100 jobs / exponential scale 300,
env_cascade,PPO,11,results/hardening/ppo_cascade_seed11,policy_best_by_val.pt,25986f237ef0dab5d24d7afc67f1e90d6ef16f9d65ce60cd0e65827e8e7bb582,True,150,720000,20,250:270,fixed 100 jobs / 300 steps,
env_cascade,PPO,13,results/hardening/ppo_cascade_seed13,policy_best_by_val.pt,9f3cad7e53cb12e0b30c8f9ad6ec509a02aec8838a9705617a8a666d7998cc0b,True,150,720000,20,250:270,fixed 100 jobs / 300 steps,
env_cascade,PPO,7,results/hardening/ppo_cascade_seed7,policy_best_by_val.pt,27ed73c97f4009c4a4da8dbbad847e6435756f5703ed32207e1174124fe99150,True,150,720000,20,250:270,fixed 100 jobs / 300 steps,
env_cascade_broken,REINFORCE,11,results/hardening/reinforce_cascade_broken_seed11,policy_best_by_val.pt,67bf500007a00f471809cc83661c727470490ddb02a1acaa79aa14a75b3283bb,True,150,689119,50,250:300,100 jobs / exponential scale 300,
env_cascade_broken,REINFORCE,13,results/hardening/reinforce_cascade_broken_seed13,policy_best_by_val.pt,f5e50be1fe57fabc5d451ceabf80670c7733d032e14b2ff0915f9ef7789858e5,True,150,703079,50,250:300,100 jobs / exponential scale 300,
env_cascade_broken,REINFORCE,7,results/hardening/reinforce_cascade_broken_seed7,policy_best_by_val.pt,eb8571a6712da06d18c422dce3bef6143d8f4ddd0ef8b5c631364c8c95f8f01d,True,150,717739,20,250:270,100 jobs / exponential scale 300,
env_cascade_broken,PPO,11,results/hardening/ppo_cascade_broken_seed11,policy_best_by_val.pt,0733ff0b610d23c7b0940e8325e4302b3667c6bdaacda9af0b659182ce5586b8,True,150,720000,20,250:270,fixed 100 jobs / 300 steps,
env_cascade_broken,PPO,13,results/hardening/ppo_cascade_broken_seed13,policy_best_by_val.pt,a0700ac3558bafa082c55082fe0c2a085ef9363366c0dfcfcb16cc6e801e503e,True,150,720000,20,250:270,fixed 100 jobs / 300 steps,
env_cascade_broken,PPO,7,results/hardening/ppo_cascade_broken_seed7,policy_best_by_val.pt,2539598171b83804305495548d5f16a774fdc7ac208332d472e27aba75b4cb54,True,150,720000,20,250:270,fixed 100 jobs / 300 steps,
env_heavytail_tight,REINFORCE,11,results/hardening/reinforce_heavytail_seed11,policy_best_by_val.pt,4cca58d04d50d09982071f9059f930e123ef170e70d713ca49825a7fd5f4a6b8,False,>=125,>=587479,20,250:270 (driver/log),planned 150 updates; 100 jobs / exponential scale 300,Incomplete record: log reaches validation update 125; no final curve or manifest. Saved best checkpoint first selected at update 25.
env_heavytail_tight,REINFORCE,13,results/hardening/reinforce_heavytail_seed13,policy_best_by_val.pt,e61266ef2b92435d929a6dfb4f265bd685075f39aaf5aff961d2a3e712194ee8,False,>=125,>=473613,20,250:270 (driver/log),planned 150 updates; 100 jobs / exponential scale 300,Incomplete record: log reaches validation update 125; no final curve or manifest. Saved best checkpoint first selected at update 25.
env_heavytail_tight,REINFORCE,7,results/hardening/reinforce_heavytail_seed7,policy_best_by_val.pt,b3cdbe133af65c71b3c509ff7f49f93697ec102c53a2087c0a69c18206b1bccb,False,>=125,>=473400,20,250:270 (driver/log),planned 150 updates; 100 jobs / exponential scale 300,Incomplete record: log reaches validation update 125; no final curve or manifest. Saved best checkpoint first selected at update 25.
env_heavytail_tight,PPO,11,results/hardening/ppo_heavytail_seed11,policy_best_by_val.pt,79490ab3e858b3a138bf92211a623efbf8d6d516a621273201ec82c6e688e4a6,True,150,720000,20,250:270,fixed 100 jobs / 300 steps,
env_heavytail_tight,PPO,13,results/hardening/ppo_heavytail_seed13,policy_best_by_val.pt,4ae370f32029c33e13d479aaff32f1d65994430f2fdda91b733ce96738b76b15,True,150,720000,20,250:270,fixed 100 jobs / 300 steps,
env_heavytail_tight,PPO,7,results/hardening/ppo_heavytail_seed7,policy_best_by_val.pt,2779f5253a166e9cdc0fe9874add277422b78cf763aeb190d94f2b42331c2994,True,150,720000,20,250:270,fixed 100 jobs / 300 steps,
